{
    "binarize_scoring": 0,
    "c_puct": 10.0,
    "debug": false,
    "fingerprint_type": null,
    "fragment_diversity": false,
    "fragment_id_column": "Reagent_ID",
    "fragment_path": {
        "_type": "python_object (type = PosixPath)",
        "_value": "gASVagAAAAAAAACMB3BhdGhsaWKUjAlQb3NpeFBhdGiUk5SMBERhdGGUjA5zeW50aGVzaXNfZGF0YZSMMjIwMjFxMy00X0VuYW1pbmVfUkVBTF9yZWFnZW50c19TTUlMRVNfbm9fc2FsdHMuY3N2lIeUUpQu"
    },
    "fragment_to_model_score_path": null,
    "fragment_to_train_hits_similarity_path": null,
    "fragment_to_train_similarity_path": null,
    "max_reactions": 1,
    "model_path": null,
    "model_type": null,
    "n_rollout": 20000,
    "noise": false,
    "noise_limit": 0.2,
    "num_expand_nodes": null,
    "reaction_to_reagents_path": {
        "_type": "python_object (type = PosixPath)",
        "_value": "gASVXAAAAAAAAACMB3BhdGhsaWKUjAlQb3NpeFBhdGiUk5SMBERhdGGUjA5zeW50aGVzaXNfZGF0YZSMJHJlYWN0aW9uX3RvX3JlYWdlbnRzX1JFQUxfc3BhY2UuanNvbpSHlFKULg=="
    },
    "reproducibility": {
        "command_line": "python ./SyntheMol/tree_search.py --fragment_path Data/synthesis_data/2021q3-4_Enamine_REAL_reagents_SMILES_no_salts.csv --reaction_to_reagents_path Data/synthesis_data/reaction_to_reagents_REAL_space.json --save_dir Data/generations/random --search_type random --n_rollout 20000 --max_reactions 1",
        "git_has_uncommitted_changes": true,
        "git_root": "/Users/inakiarango/Documents/Harvard/Fall 2023/CS252R/molecule-synthesis",
        "git_url": "https://github.com/ayushnoori/molecule-synthesis/tree/0766f40f64f9a9c04c52bf39a88bc62cfa07188b",
        "time": "Tue Dec  5 04:31:26 2023"
    },
    "rng_seed": 0,
    "save_dir": {
        "_type": "python_object (type = PosixPath)",
        "_value": "gASVOwAAAAAAAACMB3BhdGhsaWKUjAlQb3NpeFBhdGiUk5SMBERhdGGUjAtnZW5lcmF0aW9uc5SMBnJhbmRvbZSHlFKULg=="
    },
    "search_type": "random",
    "smiles_column": "smiles",
    "store_nodes": false,
    "synnet_rxn": false,
    "train_hits_path": null,
    "train_path": null,
    "train_similarity": false
}