{
    "binarize_scoring": 0,
    "c_puct": 10.0,
    "debug": false,
    "fingerprint_type": "rdkit",
    "fragment_diversity": true,
    "fragment_id_column": "Reagent_ID",
    "fragment_path": {
        "_type": "python_object (type = PosixPath)",
        "_value": "gASVagAAAAAAAACMB3BhdGhsaWKUjAlQb3NpeFBhdGiUk5SMBERhdGGUjA5zeW50aGVzaXNfZGF0YZSMMjIwMjFxMy00X0VuYW1pbmVfUkVBTF9yZWFnZW50c19TTUlMRVNfbm9fc2FsdHMuY3N2lIeUUpQu"
    },
    "fragment_to_model_score_path": {
        "_type": "python_object (type = PosixPath)",
        "_value": "gASVdQAAAAAAAACMB3BhdGhsaWKUjAlQb3NpeFBhdGiUk5QojAREYXRhlIwTcHJvcGVydHlfcHJlZGljdG9yc5SMFmNoZW1wcm9wX2JiYl9wcmVkaWN0b3KUjB5mcmFnbWVudHNfdG9fbW9kZWxfc2NvcmVzLmpzb26UdJRSlC4="
    },
    "fragment_to_train_hits_similarity_path": null,
    "fragment_to_train_similarity_path": null,
    "max_reactions": 1,
    "model_path": {
        "_type": "python_object (type = PosixPath)",
        "_value": "gASVUwAAAAAAAACMB3BhdGhsaWKUjAlQb3NpeFBhdGiUk5SMBERhdGGUjBNwcm9wZXJ0eV9wcmVkaWN0b3JzlIwWY2hlbXByb3BfYmJiX3ByZWRpY3RvcpSHlFKULg=="
    },
    "model_type": "chemprop",
    "n_rollout": 20000,
    "noise": false,
    "noise_limit": 0.2,
    "num_expand_nodes": null,
    "reaction_to_reagents_path": {
        "_type": "python_object (type = PosixPath)",
        "_value": "gASVXAAAAAAAAACMB3BhdGhsaWKUjAlQb3NpeFBhdGiUk5SMBERhdGGUjA5zeW50aGVzaXNfZGF0YZSMJHJlYWN0aW9uX3RvX3JlYWdlbnRzX1JFQUxfc3BhY2UuanNvbpSHlFKULg=="
    },
    "reproducibility": {
        "command_line": "python ./SyntheMol/tree_search.py --model_path Data/property_predictors/chemprop_bbb_predictor --fragment_path Data/synthesis_data/2021q3-4_Enamine_REAL_reagents_SMILES_no_salts.csv --reaction_to_reagents_path Data/synthesis_data/reaction_to_reagents_REAL_space.json --fragment_to_model_score_path Data/property_predictors/chemprop_bbb_predictor/fragments_to_model_scores.json --save_dir Data/generations/chemprop_rdkit_bbb --search_type mcts --model_type chemprop --fingerprint_type rdkit --n_rollout 20000 --fragment_diversity --max_reactions 1",
        "git_has_uncommitted_changes": true,
        "git_root": "/Users/inakiarango/Documents/Harvard/Fall 2023/CS252R/molecule-synthesis",
        "git_url": "https://github.com/ayushnoori/molecule-synthesis/tree/0766f40f64f9a9c04c52bf39a88bc62cfa07188b",
        "time": "Tue Dec  5 04:31:13 2023"
    },
    "rng_seed": 0,
    "save_dir": {
        "_type": "python_object (type = PosixPath)",
        "_value": "gASVRwAAAAAAAACMB3BhdGhsaWKUjAlQb3NpeFBhdGiUk5SMBERhdGGUjAtnZW5lcmF0aW9uc5SMEmNoZW1wcm9wX3Jka2l0X2JiYpSHlFKULg=="
    },
    "search_type": "mcts",
    "smiles_column": "smiles",
    "store_nodes": false,
    "synnet_rxn": false,
    "train_hits_path": null,
    "train_path": null,
    "train_similarity": false
}